{
   "action_manifest_version" : 0,
   "alias_info" : {},
   "bindings" : {
      "/actions/base" : {
         "chords" : [],
         "haptics" : [
            {
               "output" : "/actions/base/out/vibration_left",
               "path" : "/user/hand/left/output/haptic"
            },
            {
               "output" : "/actions/base/out/vibration_right",
               "path" : "/user/hand/right/output/haptic"
            }
         ],
         "poses" : [
            {
               "output" : "/actions/base/in/pose_lefthand",
               "path" : "/user/hand/left/pose/raw"
            },
            {
               "output" : "/actions/base/in/pose_righthand",
               "path" : "/user/hand/right/pose/raw"
            }
         ],
         "skeleton" : [
            {
               "output" : "/actions/base/in/skeleton_lefthand",
               "path" : "/user/hand/left/input/skeleton/left"
            },
            {
               "output" : "/actions/base/in/skeleton_righthand",
               "path" : "/user/hand/right/input/skeleton/right"
            }
         ],
         "sources" : []
      },
      "/actions/main" : {
         "sources" : [
            {
               "inputs" : {
                  "click" : {
                     "output" : "/actions/main/in/ResetPosition"
                  },
                  "position" : {
                     "output" : "/actions/main/in/Walk"
                  }
               },
               "mode" : "joystick",
               "parameters" : {
                  "deadzone_pct" : "10"
               },
               "path" : "/user/hand/left/input/thumbstick"
            },
            {
               "inputs" : {
                  "click" : {
                     "output" : "/actions/main/in/Flashlight"
                  },
                  "position" : {
                     "output" : "/actions/main/in/Turn"
                  }
               },
               "mode" : "joystick",
               "parameters" : {
                  "deadzone_pct" : "10"
               },
               "path" : "/user/hand/right/input/thumbstick"
            },
            {
               "inputs" : {
                  "click" : {
                     "output" : "/actions/main/in/Reload"
                  }
               },
               "mode" : "button",
                "parameters" : {
                   "force_input" : "force",
                   "click_activate_threshold": "0.45",
                   "click_deactivate_threshold": "0.4"
                },
               "path" : "/user/hand/left/input/grip"
            },
            {
               "inputs" : {
                  "click" : {
                     "output" : "/actions/main/in/PrimaryAttack"
                  }
               },
               "mode" : "button",
               "path" : "/user/hand/right/input/trigger"
            },
            {
               "inputs" : {
                  "east" : {
                     "output" : "/actions/main/in/boolean_turnright"
                  },
                  "north" : {
                     "output" : "/actions/main/in/PrevItem"
                  },
                  "south" : {
                     "output" : "/actions/main/in/NextItem"
                  },
                  "west" : {
                     "output" : "/actions/main/in/boolean_turnleft"
                  }
               },
               "mode" : "dpad",
               "parameters" : {
                  "deadzone_pct" : "70",
                  "overlap_pct" : "0",
                  "sub_mode" : "touch"
               },
               "path" : "/user/hand/right/input/thumbstick"
            },
            {
               "inputs" : {
                  "click" : {
                     "output" : "/actions/main/in/Use"
                  }
               },
               "mode" : "button",
               "path" : "/user/hand/right/input/b"
            },
			{
               "inputs" : {
                  "click" : {
                     "output" : "/actions/main/in/ActivateVR"
                  }
               },
               "mode" : "button",
               "path" : "/user/hand/right/input/a"
            },
            {
               "inputs" : {
                  "click" : {
                     "output" : "/actions/main/in/Jump"
                  }
               },
               "mode" : "button",
               "path" : "/user/hand/right/input/a"
            },
            {
               "inputs" : {
                  "click" : {
                     "output" : "/actions/main/in/Crouch"
                  }
               },
               "mode" : "button",
               "parameters" : {
                  "force_input" : "force",
                  "click_activate_threshold": "0.45",
                  "click_deactivate_threshold": "0.4"
               },
               "path" : "/user/hand/right/input/grip"
            },
            {
               "inputs" : {
                  "click" : {
                     "output" : "/actions/main/in/SecondaryAttack"
                  }
               },
               "mode" : "button",
               "path" : "/user/hand/left/input/trigger"
            }
         ]
      }
   },
   "category" : "steamvr_input",
   "controller_type" : "knuckles",
   "description" : "default l4d2vr bindings",
   "name" : "default l4d2vr bindings",
   "options" : {},
   "simulated_actions" : []
}

